{
"graphDoubleWESN": [-126.30999908447265, -123.45999755859376, 41.9, 44.75000152587891],
"graphIntWESN": [29, 331, 323, 20],
}
